ID,Name,Role,Email
EMP011,John,Test lead,abraham@qe.com
EMP012,Jacob,Test Engineer,kavin@qe.com
EMP013,Henry,Sr.Test Engineer,thomas@qe.com
EMP014,Harry,Test lead,harry@qe.com
EMP015,Suman,Test Engineer,suman@qe.com
EMP016,Sunny,Sr.Test Engineer,sunny@qe.com
EMP017,Richard,Test lead,richard@qe.com
EMP018,Nandy,Test Engineer,nandy@qe.com
EMP019,Nathan,Sr.Test Engineer,nathan@qe.com
EMP020,Patel,Test lead,patel@qe.com
EMP021,Abraham,Test Engineer,abraham@qe.com
EMP022,Bella,Jr.Test Engineer,bella@qe.com
